Topic1,Topic2,Topic3,Topic4,Topic5,Topic6,Topic7,Topic8,Topic9,Topic10,Topic11,Topic12,Topic13
candle,red,metal,bag,blue,christmas,design,set,box,pink,set,bracelet,light
flower,retrospot,sign,vintage,white,pink,black,pack,purse,heart,cushion,glass,holder
wall,red_retrospot,metal_sign,box,polkadot,decoration,necklace,cake,tube,card,cushion_cover,ring,light_holder
silver,rose,garland,gift,pink,tree,home,cases,cover,love,cover,necklace,heart
art,wrap,paper,gold,red,star,clock,cutlery,birthday,tea,tin,black,glass
pink,small,painted,jumbo,glass,vintage,mini,lunch,assorted,ivory,zinc,diamante,design
stand,lights,kitchen,paisley,set,antique,cake,hearts,large,mug,heart,key,cream
garden,set,wooden,reel,small,white,hook,pink,card,hanging,vintage,letter,ceramic
wall_art,gingham,vintage,rose,green,union,assorted,stickers,pencils,vintage,paper,key_ring,bottle
frame,bowl,party,pen,bowl,christmas_tree,tile,bag,skulls,dolly,easter,crystal,drawer
pot,cake_stand,round,notebook,cup,heart,fairy,cake_cases,wood,egg,french,letter_bling,felt
photo,metal,honeycomb,mirror,plate,jack,doormat,doily,small,spaceboy,blue,bling,hanging
number_tile,lantern,house,jumbo_bag,party,union_jack,girl,feltcraft,food,decoration,square,bling_key,hot
photo_frame,mirror,set_vintage,garden,wicker,bunting,wooden,tissues,birthday_card,kit,jigsaw,charm,table
small,dinner,cottage,daisy,coffee,heart_decoration,crystal,skull,ball,rabbit,egg,green,box
toy,box,white,tape,candles,bird,flowers,blue,luggage,butterfly,fruit,ring_letter,sweetheart
dog,botanical,art,green,blue_polkadot,cake,pantry,paper,assorted_tutti,childrens,zinc_heart,earrings,tray
yellow,magnets,pencil,book,dolly_girl,boxes,retro,sticker,frutti,wood,floral,purple,blue
charlie_lola,candles,print,blue,pink_polkadot,cm,set,english_rose,luggage_tag,number,cat,bead,water
round,ribbon,stars,large,large,alphabet,sweet,money,tag,flock,tray,glass_bracelet,water_bottle
